Archetype,Num,Win,Loss,Win %
Aggro,2,10,2,0.8333333333333334
Tokens,2,10,2,0.8333333333333334
Prowess,1,4,2,0.6666666666666666
Control,1,0,6,0.0
Reanimator,2,4,8,0.3333333333333333
Midrange,3,13,5,0.7222222222222222
Aristocrats,1,5,1,0.8333333333333334
