Color,Deck_Spread,Card_Spread
B,0.3,0.39147233201581033
G,0.1,0.3
R,0.25,0.3009004446640316
U,0.25,0.28372035573122534
W,0.1,0.6809090909090909
